aardsda01,2013.0,NYN,
abadfe01,2013.0,WAS,
abreuto01,2013.0,SFN,498000.0
aceveal01,2013.0,BOS,2650000.0
ackledu01,2013.0,SEA,2700000.0
adamsda02,2013.0,NYA,540000.0
adamsma01,2013.0,SLN,490000.0
adamsmi03,2013.0,PHI,5000000.0
adducji02,2013.0,TEX,
adriaeh01,2013.0,SFN,
affelje01,2013.0,SFN,6000000.0
alberan01,2013.0,MIN,
alberma01,2013.0,CLE,1750000.0
albural01,2013.0,DET,500000.0
allenco01,2013.0,CLE,492600.0
almonab01,2013.0,SEA,
almonzo01,2013.0,NYA,
alonsyo01,2013.0,SDN,1120000.0
altuvjo01,2013.0,HOU,505700.0
alvarhe01,2013.0,MIA,507900.0
alvarjo02,2013.0,DET,
alvarpe01,2013.0,PIT,700000.0
amarial01,2013.0,SDN,497400.0
ambrihe01,2013.0,HOU,493400.0
amesst01,2013.0,MIA,
anderbr04,2013.0,OAK,5750000.0
anderbr05,2013.0,CHA,
andinro01,2013.0,SEA,1600000.0
andruel01,2013.0,TEX,5050000.0
ankieri01,2013.0,HOU,
ankieri01,2013.0,NYN,
aokino01,2013.0,MIL,1712500.0
archech01,2013.0,TBA,
arciaos01,2013.0,MIN,
arenano01,2013.0,COL,
arencjp01,2013.0,TOR,505600.0
ariasjo01,2013.0,SFN,925000.0
arrieja01,2013.0,BAL,516500.0
arrieja01,2013.0,CHN,
arroybr01,2013.0,CIN,16445535.0
ascheco01,2013.0,PHI,
atchisc01,2013.0,NYN,700000.0
aumonph01,2013.0,PHI,490000.0
avilaal01,2013.0,DET,2950000.0
avilalu01,2013.0,ATL,491250.0
avilemi01,2013.0,CLE,2250000.0
axelrdy01,2013.0,CHA,493000.0
axforjo01,2013.0,MIL,5000000.0
axforjo01,2013.0,SLN,
ayalalu01,2013.0,BAL,1000000.0
ayalalu01,2013.0,ATL,
aybarer01,2013.0,LAA,8750000.0
badenbu01,2013.0,MIL,1550000.0
bailean01,2013.0,BOS,4100000.0
baileho02,2013.0,CIN,5350000.0
bakerje03,2013.0,TEX,
bakerjo01,2013.0,SDN,930000.0
bakersc02,2013.0,CHN,5500000.0
balfogr01,2013.0,OAK,4500000.0
bantzbr01,2013.0,SEA,
bardda01,2013.0,BOS,1862500.0
barmecl01,2013.0,PIT,5500000.0
barnebr02,2013.0,HOU,491700.0
barneda01,2013.0,CHN,562000.0
barnesc01,2013.0,CLE,
bartoda02,2013.0,OAK,1100000.0
bassan01,2013.0,SDN,503600.0
bastaan01,2013.0,PHI,1400000.0
bauertr01,2013.0,CLE,
bautijo02,2013.0,TOR,14000000.0
baxtemi01,2013.0,NYN,500318.0
bayja01,2013.0,SEA,1000000.0
beachbr01,2013.0,ATL,510000.0
beatope01,2013.0,BOS,
beavabl01,2013.0,SEA,506700.0
beckejo02,2013.0,LAN,17000000.0
beckhgo01,2013.0,CHA,2925000.0
beckhti01,2013.0,TBA,
bedarer01,2013.0,HOU,
belfimi01,2013.0,BAL,
belisma01,2013.0,COL,4100000.0
belisro01,2013.0,LAN,1450000.0
belivje01,2013.0,TBA,
bellhe01,2013.0,ARI,10000000.0
belowdu01,2013.0,MIA,
beltbr01,2013.0,SFN,531500.0
beltrad01,2013.0,TEX,16000000.0
beltrca01,2013.0,SLN,13000000.0
beltren01,2013.0,TEX,
benoijo01,2013.0,DET,5500000.0
berkmla01,2013.0,TEX,10000000.0
bernaro01,2013.0,PHI,
bernaro01,2013.0,WAS,1212500.0
bernido01,2013.0,MIN,
berryqu01,2013.0,BOS,
betande01,2013.0,NYA,
betanra01,2013.0,COL,4250000.0
betanyu01,2013.0,MIL,900000.0
betemwi01,2013.0,BAL,2000000.0
bethach01,2013.0,ATL,
bettich01,2013.0,COL,
biancje01,2013.0,MIL,490000.0
billich01,2013.0,LAN,11000000.0
blackch02,2013.0,COL,
blacktr01,2013.0,HOU,
blacktr01,2013.0,TEX,
blackvi01,2013.0,NYN,
blackvi01,2013.0,PIT,
blancgr01,2013.0,SFN,1350000.0
blanche01,2013.0,SEA,
blanche01,2013.0,TOR,750000.0
blankky01,2013.0,SDN,605000.0
blantjo01,2013.0,LAA,6500000.0
blazemi01,2013.0,MIL,
blazemi01,2013.0,SLN,
blevije01,2013.0,OAK,1100000.0
bloomwi01,2013.0,ARI,1900000.0
boescbr01,2013.0,NYA,1500000.0
bogaexa01,2013.0,BOS,
boggsmi01,2013.0,COL,
boggsmi01,2013.0,SLN,1475000.0
bogusbr01,2013.0,CHN,
bondeje01,2013.0,DET,
bondeje01,2013.0,SEA,
bonifem01,2013.0,KCA,
bonifem01,2013.0,TOR,2600000.0
bootcch01,2013.0,NYA,
borboju01,2013.0,TEX,496000.0
borboju01,2013.0,CHN,
boscajc01,2013.0,CHN,
boshebu01,2013.0,LAA,
bourgja01,2013.0,TBA,
bourjpe01,2013.0,LAA,512500.0
bournmi01,2013.0,CLE,7000000.0
bowdemi01,2013.0,CHN,509500.0
boxbebr01,2013.0,SDN,
brachbr01,2013.0,SDN,498200.0
bradlja02,2013.0,BOS,
brantmi02,2013.0,CLE,526900.0
brantro01,2013.0,MIA,490000.0
brasiry01,2013.0,LAA,
braunry02,2013.0,MIL,9898611.0
breslcr01,2013.0,BOS,2325000.0
brewech01,2013.0,ARI,
brignre01,2013.0,NYA,
brignre01,2013.0,COL,499000.0
brittdr01,2013.0,BOS,
brittza01,2013.0,BAL,
brothre01,2013.0,COL,491000.0
brownan02,2013.0,NYN,
brownco01,2013.0,WAS,
browndo01,2013.0,PHI,500000.0
brownjo05,2013.0,MIA,
broxtjo01,2013.0,CIN,4000000.0
bruceja01,2013.0,CIN,7541667.0
buchhcl01,2013.0,BOS,5750000.0
buckjo01,2013.0,NYN,6500000.0
buckjo01,2013.0,PIT,
bucknbi02,2013.0,LAA,
buehrma01,2013.0,TOR,12000000.0
buenofr01,2013.0,KCA,
bumgama01,2013.0,SFN,916667.0
burgohi01,2013.0,MIL,
burkegr01,2013.0,NYN,550000.0
burneaj01,2013.0,PIT,16500000.0
burneal01,2013.0,BAL,
burneal01,2013.0,CHN,
burnese01,2013.0,LAA,3625000.0
burnsco01,2013.0,TEX,492000.0
burtoja01,2013.0,MIN,2050000.0
bushda01,2013.0,TOR,
bussni01,2013.0,LAN,
buterdr01,2013.0,MIN,700000.0
buterdr01,2013.0,LAN,
butlebi03,2013.0,KCA,8500000.0
butlejo04,2013.0,TEX,
butleke01,2013.0,SLN,
byrdati01,2013.0,NYN,
byrdma01,2013.0,NYN,
byrdma01,2013.0,PIT,
cabrace01,2013.0,NYA,490000.0
cabreal03,2013.0,CHN,
cabreas01,2013.0,CLE,6500000.0
cabreev01,2013.0,SDN,1275000.0
cabreme01,2013.0,TOR,8000000.0
cabremi01,2013.0,DET,21000000.0
cahiltr01,2013.0,ARI,5700000.0
cainlo01,2013.0,KCA,503175.0
cainma01,2013.0,SFN,20833333.0
calhoko01,2013.0,LAA,491000.0
callaal01,2013.0,LAA,4100000.0
callaal01,2013.0,OAK,
caminar01,2013.0,MIA,
campato01,2013.0,ARI,497500.0
campsh01,2013.0,CHN,1350000.0
canoro01,2013.0,NYA,15000000.0
cappsca01,2013.0,SEA,491700.0
capuach01,2013.0,LAN,6375000.0
carmofa01,2013.0,TBA,3250000.0
carpeda01,2013.0,ATL,
carpeda02,2013.0,LAA,493000.0
carpema01,2013.0,SLN,504000.0
carpmi01,2013.0,BOS,508500.0
carraca01,2013.0,CLE,490000.0
carreez01,2013.0,CLE,
carreez01,2013.0,PHI,
carroja01,2013.0,KCA,
carroja01,2013.0,MIN,3750000.0
carsoma01,2013.0,CLE,
carsoro01,2013.0,NYN,491375.0
cartech02,2013.0,HOU,494000.0
cashnan01,2013.0,SDN,500800.0
casilal01,2013.0,BAL,
casteal01,2013.0,LAN,490500.0
casteni01,2013.0,DET,
castiwe01,2013.0,CHN,503000.0
castrja01,2013.0,HOU,496600.0
castrsi01,2013.0,CHA,
castrst01,2013.0,CHN,5857143.0
cecilbr01,2013.0,TOR,510000.0
cedenro02,2013.0,HOU,718000.0
cedenro02,2013.0,SDN,
cedenxa01,2013.0,HOU,495900.0
cedenxa01,2013.0,WAS,
centeju01,2013.0,NYN,
cervefr01,2013.0,NYA,515350.0
cespeyo01,2013.0,OAK,8500000.0
chacijh01,2013.0,COL,1650000.0
chambad01,2013.0,SLN,490000.0
chambjo03,2013.0,NYA,1875000.0
chapmar01,2013.0,CIN,4835772.0
chapmke02,2013.0,HOU,
chatwty01,2013.0,COL,
chaveen01,2013.0,SEA,
chaveer01,2013.0,ARI,3000000.0
chaveje01,2013.0,OAK,
chenbr01,2013.0,KCA,4500000.0
chenwe02,2013.0,BAL,3655333.0
chiriro01,2013.0,TEX,
chiselo01,2013.0,CLE,492900.0
choatra01,2013.0,SLN,1500000.0
choicmi01,2013.0,OAK,
choosh01,2013.0,CIN,7375000.0
chrisni01,2013.0,CIN,
cingrto01,2013.0,CIN,
ciriape01,2013.0,BOS,502500.0
ciriape01,2013.0,KCA,
ciriape01,2013.0,SDN,
cishest01,2013.0,MIA,505000.0
cisnejo01,2013.0,HOU,
claibpr01,2013.0,NYA,
clarkco01,2013.0,HOU,
clarkza01,2013.0,BAL,
clemepa02,2013.0,HOU,
cletoma01,2013.0,SLN,490000.0
clevest01,2013.0,BAL,
clevest01,2013.0,CHN,496000.0
clippty01,2013.0,WAS,4000000.0
cloydty01,2013.0,PHI,
cobbal01,2013.0,TBA,502200.0
coellro01,2013.0,LAA,
coghlch01,2013.0,MIA,503500.0
cokeph01,2013.0,DET,850000.0
colabch01,2013.0,MIN,
colege01,2013.0,PIT,
colemlo01,2013.0,KCA,
colliti01,2013.0,KCA,534500.0
collmjo01,2013.0,ARI,504000.0
colomal01,2013.0,TBA,
colonba01,2013.0,OAK,3000000.0
colvity01,2013.0,COL,2275000.0
congeha01,2013.0,LAA,495000.0
constjo01,2013.0,ATL,
contrjo01,2013.0,PIT,
cookry01,2013.0,OAK,505000.0
corbipa01,2013.0,ARI,494000.0
corpama01,2013.0,COL,
corpoca01,2013.0,HOU,495000.0
correke01,2013.0,MIN,4500000.0
cosarja01,2013.0,HOU,
cottsne01,2013.0,TEX,
cousisc01,2013.0,LAA,
cowgico01,2013.0,LAA,
cowgico01,2013.0,NYN,493520.0
cozarza01,2013.0,CIN,497500.0
craigal01,2013.0,SLN,1750000.0
crainje01,2013.0,CHA,4500000.0
crawfbr01,2013.0,SFN,530000.0
crawfca02,2013.0,LAN,20857143.0
crispco01,2013.0,OAK,7000000.0
crowaa01,2013.0,KCA,1280000.0
crowetr01,2013.0,HOU,
cruzlu01,2013.0,NYA,
cruzlu01,2013.0,LAN,505000.0
cruzne02,2013.0,TEX,10250000.0
cruzrh01,2013.0,HOU,498000.0
cruzto03,2013.0,SLN,503000.0
cuddymi01,2013.0,COL,10500000.0
cuetojo01,2013.0,CIN,7400000.0
culbech01,2013.0,COL,
cumptbr01,2013.0,PIT,
cunnito01,2013.0,ATL,
curtije01,2013.0,SLN,
daleyma01,2013.0,NYA,
danksjo01,2013.0,CHA,15750000.0
danksjo02,2013.0,CHA,
darnatr01,2013.0,NYN,
darviyu01,2013.0,TEX,9500000.0
davidma02,2013.0,ARI,
davisch02,2013.0,BAL,3300000.0
daviser02,2013.0,WAS,
davisik02,2013.0,NYN,3125000.0
daviskh01,2013.0,MIL,490000.0
davisra01,2013.0,TOR,2500000.0
daviswa01,2013.0,KCA,2800000.0
deazaal01,2013.0,CHA,2075000.0
deckeja01,2013.0,SDN,
dedunsa01,2013.0,MIN,
defraju01,2013.0,PHI,
dejesda01,2013.0,TBA,
dejesda01,2013.0,CHN,4250000.0
dejesda01,2013.0,WAS,
delabst01,2013.0,TOR,498900.0
delarda01,2013.0,LAA,
delareu01,2013.0,ARI,
delarjo01,2013.0,COL,11000000.0
delarru01,2013.0,BOS,
delatjo01,2013.0,BOS,
deleojo02,2013.0,HOU,
delgara01,2013.0,ARI,495000.0
dempsry01,2013.0,BOS,13250000.0
dendema01,2013.0,NYN,
denorch01,2013.0,SDN,2000000.0
derosma01,2013.0,TOR,750000.0
descada01,2013.0,SLN,511000.0
desmoia01,2013.0,WAS,3800000.0
detwiro01,2013.0,WAS,2337500.0
devrico01,2013.0,MIN,500000.0
dewitbl01,2013.0,ATL,
diamosc01,2013.0,MIN,530000.0
diazjo02,2013.0,BOS,
diazma02,2013.0,MIA,
dickech01,2013.0,BAL,
dickeco01,2013.0,COL,
dickera01,2013.0,TOR,5000000.0
diekmja01,2013.0,PHI,
dietrde01,2013.0,MIA,
dirksan01,2013.0,DET,505000.0
dobbsgr01,2013.0,MIA,1600000.0
dolisra01,2013.0,CHN,
dominjo01,2013.0,LAN,
dominma01,2013.0,HOU,491800.0
donaljo02,2013.0,OAK,492500.0
doolise01,2013.0,OAK,492500.0
doteloc01,2013.0,DET,3500000.0
doubrfe01,2013.0,BOS,518500.0
doumiry01,2013.0,MIN,3500000.0
downsda02,2013.0,DET,494000.0
downssc01,2013.0,LAA,5000000.0
downssc01,2013.0,ATL,
doziebr01,2013.0,MIN,497500.0
drabeky01,2013.0,TOR,499500.0
drewst01,2013.0,BOS,9500000.0
dudalu01,2013.0,NYN,519240.0
duensbr01,2013.0,MIN,1300000.0
duffyda01,2013.0,KCA,505125.0
dukeza01,2013.0,CIN,
dukeza01,2013.0,WAS,700000.0
duncash01,2013.0,TBA,
dunnad01,2013.0,CHA,15000000.0
dunnija01,2013.0,SFN,
dunnmi01,2013.0,MIA,492500.0
durbich01,2013.0,PHI,850000.0
dwyerch01,2013.0,KCA,
dysonja01,2013.0,KCA,506000.0
dysonsa01,2013.0,MIA,
eatonad02,2013.0,ARI,491000.0
edginjo01,2013.0,NYN,493500.0
ellisaj01,2013.0,LAN,2000000.0
ellisma01,2013.0,LAN,5250000.0
ellsbja01,2013.0,BOS,9000000.0
elmorja01,2013.0,HOU,
encared01,2013.0,TOR,8000000.0
enrigba01,2013.0,LAA,
eovalna01,2013.0,MIA,502000.0
eppleco01,2013.0,NYA,510350.0
erlinro01,2013.0,SDN,
escaled01,2013.0,COL,491000.0
escobal02,2013.0,KCA,3000000.0
escobed01,2013.0,MIN,495000.0
escobyu01,2013.0,TBA,5000000.0
espinda01,2013.0,WAS,526250.0
estrama01,2013.0,MIL,1955000.0
ethiean01,2013.0,LAN,13500000.0
faluir01,2013.0,KCA,
familje01,2013.0,NYN,491750.0
farnsky01,2013.0,TBA,1250000.0
farnsky01,2013.0,PIT,
farquda01,2013.0,SEA,
federti01,2013.0,LAN,491000.0
feldmsc01,2013.0,BAL,
feldmsc01,2013.0,CHN,6000000.0
felicpe01,2013.0,NYN,
felizne01,2013.0,TEX,2900000.0
fernajo02,2013.0,MIA,
fieldjo03,2013.0,HOU,490000.0
fieldpr01,2013.0,DET,23000000.0
fieldth01,2013.0,LAA,
fienca01,2013.0,MIN,500000.0
fiersmi01,2013.0,MIL,498000.0
fifest01,2013.0,LAN,492500.0
figaral01,2013.0,MIL,
figuepe01,2013.0,OAK,492500.0
fistedo01,2013.0,DET,4000000.0
flahery01,2013.0,BAL,493500.0
florewi01,2013.0,NYN,
floripe01,2013.0,MIN,495000.0
flowety01,2013.0,CHA,510000.0
floydga01,2013.0,CHA,9500000.0
flynnbr01,2013.0,MIA,
fontwi01,2013.0,TEX,
forsylo01,2013.0,SDN,499000.0
fowlede01,2013.0,COL,3750000.0
francbe01,2013.0,NYA,
francfr01,2013.0,NYN,6500000.0
francje01,2013.0,COL,1500000.0
francje02,2013.0,KCA,6750000.0
francje02,2013.0,SDN,
francju02,2013.0,ATL,496250.0
francju02,2013.0,MIL,
frandke01,2013.0,PHI,850000.0
frankni01,2013.0,SEA,
frasoja01,2013.0,TEX,1500000.0
frazito01,2013.0,CIN,527500.0
freemfr01,2013.0,ATL,560000.0
freemju02,2013.0,CIN,
freemsa01,2013.0,SLN,
freesda01,2013.0,SLN,3150000.0
freimna01,2013.0,OAK,490000.0
frierer01,2013.0,LAA,530000.0
fryerer01,2013.0,MIN,
fuentre01,2013.0,SDN,
fujikky01,2013.0,CHN,4500000.0
fuldsa01,2013.0,TBA,725000.0
furbuch01,2013.0,SEA,504500.0
gallayo01,2013.0,MIL,8000000.0
galvifr01,2013.0,PHI,490000.0
garciav01,2013.0,CHA,
garciav01,2013.0,DET,490000.0
garcifr02,2013.0,BAL,
garcifr02,2013.0,ATL,
garcija01,2013.0,SFN,4166667.0
garcija02,2013.0,SLN,5875000.0
garcile02,2013.0,CHA,
garcile02,2013.0,TEX,490000.0
garcilu03,2013.0,PHI,
garcion01,2013.0,LAN,
gardnbr01,2013.0,NYA,2850000.0
garlajo01,2013.0,COL,500000.0
garzama01,2013.0,TEX,
garzama01,2013.0,CHN,10250000.0
gastjo01,2013.0,SLN,
gattiev01,2013.0,ATL,
gaudich01,2013.0,SFN,750000.0
gausmke01,2013.0,BAL,
gearrco01,2013.0,ATL,491250.0
geedi01,2013.0,NYN,527375.0
gennesc01,2013.0,MIL,
gentrcr01,2013.0,TEX,501000.0
germaju01,2013.0,TOR,
germego01,2013.0,NYN,
getzch01,2013.0,KCA,1050000.0
giambja01,2013.0,CLE,750000.0
giavojo01,2013.0,KCA,
gibsoky01,2013.0,MIN,
gillaco01,2013.0,CHA,490500.0
gilleco01,2013.0,CHN,
gilleco01,2013.0,SDN,
gimench01,2013.0,TBA,
gimenhe01,2013.0,CHA,493000.0
gindlca01,2013.0,MIL,
goinsry01,2013.0,TOR,
goldspa01,2013.0,ARI,500000.0
gomesbr01,2013.0,TBA,
gomesjo01,2013.0,BOS,5000000.0
gomesya01,2013.0,CLE,
gomezca01,2013.0,MIL,4300000.0
gomezje01,2013.0,PIT,500000.0
gonzaad01,2013.0,LAN,21857143.0
gonzaal02,2013.0,MIL,1450000.0
gonzaal03,2013.0,NYA,
gonzaal03,2013.0,CHN,
gonzaca01,2013.0,COL,7928571.0
gonzaed01,2013.0,HOU,
gonzaed01,2013.0,TOR,
gonzagi01,2013.0,WAS,6350000.0
gonzama01,2013.0,HOU,494400.0
gonzami02,2013.0,MIL,2250000.0
gonzami03,2013.0,BAL,502000.0
gonzami04,2013.0,CHA,
gordoal01,2013.0,KCA,9000000.0
gordode01,2013.0,LAN,
gorzeto01,2013.0,MIL,2750000.0
gosean01,2013.0,TOR,
gosewtu01,2013.0,ARI,
gosseph01,2013.0,ATL,
grandcu01,2013.0,NYA,15000000.0
grandya01,2013.0,SDN,990000.0
grayso01,2013.0,OAK,
greengr01,2013.0,LAA,
greengr01,2013.0,OAK,
greenni01,2013.0,MIA,
greenty02,2013.0,CHA,
gregelu01,2013.0,SDN,3200000.0
greggke01,2013.0,CHN,
gregodi01,2013.0,ARI,491000.0
greinza01,2013.0,LAN,21000000.0
griffaj01,2013.0,OAK,492500.0
grillja01,2013.0,PIT,2500000.0
grimmju01,2013.0,TEX,
grimmju01,2013.0,CHN,
grossro01,2013.0,HOU,
guerrja01,2013.0,LAN,
guerrma02,2013.0,CHN,
guerrma02,2013.0,LAN,4711499.0
guilmpr01,2013.0,CLE,
guthrje01,2013.0,KCA,5000000.0
gutiefr01,2013.0,SEA,7312500.0
gutieju01,2013.0,KCA,750000.0
gutieju01,2013.0,LAA,
guzmafr01,2013.0,TBA,
guzmaje01,2013.0,SDN,503200.0
gyorkje01,2013.0,SDN,
hafnetr01,2013.0,NYA,2000000.0
hagadni01,2013.0,CLE,492100.0
hairsje02,2013.0,LAN,3750000.0
hairssc01,2013.0,CHN,2500000.0
hairssc01,2013.0,WAS,
haleda02,2013.0,ATL,
hallaro01,2013.0,PHI,20000000.0
haltose01,2013.0,MIL,
hamelco01,2013.0,PHI,20500000.0
hamilbi02,2013.0,CIN,
hamiljo03,2013.0,LAA,17400000.0
hammeja01,2013.0,BAL,6750000.0
handbr01,2013.0,MIA,
handdo01,2013.0,MIL,
hanigry01,2013.0,CIN,2350000.0
hannaja01,2013.0,CIN,1000000.0
hanrajo01,2013.0,BOS,7040000.0
hansoto01,2013.0,LAA,3725000.0
happja01,2013.0,TOR,3700000.0
haranaa01,2013.0,SEA,
haranaa01,2013.0,NYN,
hardyjj01,2013.0,BAL,7416667.0
harenda01,2013.0,WAS,13000000.0
harpebr03,2013.0,WAS,2000000.0
harrelu01,2013.0,HOU,500700.0
harribr01,2013.0,LAA,
harrijo05,2013.0,PIT,503000.0
harrima01,2013.0,TEX,5200000.0
harriwi02,2013.0,ARI,
harvema01,2013.0,NYN,498750.0
hatchch02,2013.0,MIA,
hawkila01,2013.0,NYN,480000.0
hawpebr01,2013.0,LAA,
hayesbr01,2013.0,KCA,600000.0
headlch01,2013.0,SDN,8575000.0
heathde01,2013.0,CHA,
hechaad01,2013.0,MIA,2750000.0
hefneje01,2013.0,NYN,500625.0
heisech01,2013.0,CIN,1325000.0
hellije01,2013.0,TBA,503000.0
hellwjo01,2013.0,MIL,
heltoto01,2013.0,COL,6175000.0
hembrhe01,2013.0,SFN,
hendeji01,2013.0,MIL,492000.0
hendrli01,2013.0,MIN,495000.0
hennse01,2013.0,NYN,
hernace02,2013.0,PHI,
hernada01,2013.0,ARI,1375000.0
hernafe02,2013.0,SEA,20557143.0
hernape02,2013.0,MIN,
hernara02,2013.0,LAN,6000000.0
herreel01,2013.0,LAN,492500.0
herrejo03,2013.0,COL,900000.0
herreke01,2013.0,KCA,508175.0
herrmch01,2013.0,MIN,
hestejo01,2013.0,LAA,495000.0
heywaja01,2013.0,ATL,3650000.0
hicksaa01,2013.0,MIN,490000.0
hillaa01,2013.0,ARI,5500000.0
hillko01,2013.0,MIA,
hillri01,2013.0,CLE,1000000.0
hinsker01,2013.0,ARI,1350000.0
hochelu01,2013.0,KCA,4560000.0
hoeslj01,2013.0,BAL,
hoeslj01,2013.0,HOU,
holadbr01,2013.0,DET,
hollade01,2013.0,TEX,3400000.0
hollagr01,2013.0,KCA,539500.0
hollima01,2013.0,SLN,16272110.0
holmbda01,2013.0,ARI,
holtbr01,2013.0,BOS,
hoovejj01,2013.0,CIN,492500.0
horstje01,2013.0,PHI,497000.0
hosmeer01,2013.0,KCA,528250.0
howarry01,2013.0,PHI,20000000.0
howeljp01,2013.0,LAN,2850000.0
hudsoti01,2013.0,ATL,9000000.0
huffda01,2013.0,CLE,493600.0
huffda01,2013.0,NYA,
hugheja02,2013.0,PIT,504500.0
hugheph01,2013.0,NYA,7150000.0
humbeph01,2013.0,HOU,480000.0
hundlni01,2013.0,SDN,3000000.0
hunteto01,2013.0,DET,12000000.0
hunteto02,2013.0,BAL,1820000.0
hynesco01,2013.0,SDN,
iannech01,2013.0,LAA,5050000.0
ibanera01,2013.0,SEA,2750000.0
iglesjo01,2013.0,BOS,2062500.0
iglesjo01,2013.0,DET,
infanom01,2013.0,DET,4000000.0
ingebr01,2013.0,PIT,1250000.0
irwinph01,2013.0,PIT,
ishiktr01,2013.0,BAL,
ishiktr01,2013.0,NYA,
iwakuhi01,2013.0,SEA,6500000.0
izturce01,2013.0,CIN,
izturma01,2013.0,TOR,3000000.0
jacksau01,2013.0,DET,3500000.0
jacksed01,2013.0,CHN,13000000.0
jacksry02,2013.0,SLN,490000.0
janispa01,2013.0,ATL,725000.0
janseke01,2013.0,LAN,512000.0
janssca01,2013.0,TOR,3900000.0
jasojo01,2013.0,OAK,1800000.0
jayjo02,2013.0,SLN,524000.0
jeffrje01,2013.0,TOR,495900.0
jenkich01,2013.0,TOR,
jennida01,2013.0,MIA,
jennide01,2013.0,TBA,501800.0
jepseke01,2013.0,LAA,1181250.0
jeterde01,2013.0,NYA,16729365.0
jimence01,2013.0,PHI,
jimenlu02,2013.0,LAA,490000.0
jimenub01,2013.0,CLE,5750000.0
johnsch05,2013.0,ATL,2287500.0
johnsda06,2013.0,BAL,
johnsel02,2013.0,KCA,520500.0
johnsel02,2013.0,ATL,
johnser04,2013.0,CHA,
johnsji04,2013.0,BAL,6500000.0
johnsjo09,2013.0,TOR,13750000.0
johnske05,2013.0,TBA,2450000.0
johnskr01,2013.0,PIT,
johnsre02,2013.0,ATL,1600000.0
johnsro07,2013.0,SLN,
johnsst02,2013.0,BAL,495000.0
jonesad01,2013.0,BAL,8833333.0
jonesga02,2013.0,PIT,4500000.0
jonesna01,2013.0,CHA,507500.0
jordata01,2013.0,WAS,
josepco01,2013.0,NYA,
josepdo01,2013.0,KCA,
joycema01,2013.0,TBA,2450000.0
jurrjja01,2013.0,BAL,
karnsna01,2013.0,WAS,
kawasmu01,2013.0,TOR,
kazmisc01,2013.0,CLE,
kearnau01,2013.0,MIA,
kellesh01,2013.0,NYA,935000.0
kellydo01,2013.0,DET,
kellyjo05,2013.0,SLN,493000.0
kempma01,2013.0,LAN,20250000.0
kendrho01,2013.0,LAA,9100000.0
kendrky01,2013.0,PHI,4500000.0
kenneia01,2013.0,ARI,4265000.0
kenneia01,2013.0,SDN,
kensilo01,2013.0,COL,
keppije01,2013.0,CHA,3500000.0
kershcl01,2013.0,LAN,11750000.0
keuchda01,2013.0,HOU,
kickhmi01,2013.0,SFN,
kiermke01,2013.0,TBA,
kiescro01,2013.0,SFN,
kimbrcr01,2013.0,ATL,655000.0
kinslia01,2013.0,TEX,13000000.0
kintzbr01,2013.0,MIL,491000.0
kipnija01,2013.0,CLE,509400.0
kirkmmi01,2013.0,TEX,495800.0
klubeco01,2013.0,CLE,
koberje01,2013.0,WAS,
koehlto01,2013.0,MIA,
kohnmi01,2013.0,LAA,
konerpa01,2013.0,CHA,12501506.0
kontoge01,2013.0,SFN,494500.0
kotchca01,2013.0,MIA,
kotsama01,2013.0,SDN,1300000.0
kottage01,2013.0,KCA,1000000.0
kozmape01,2013.0,SLN,490000.0
kratzer01,2013.0,PHI,496000.0
krausma01,2013.0,HOU,
krolia01,2013.0,WAS,
kubelja01,2013.0,CLE,
kubelja01,2013.0,ARI,7500000.0
kurodhi01,2013.0,NYA,15000000.0
lackejo01,2013.0,BOS,15950000.0
laffeaa01,2013.0,TOR,
laffeaa01,2013.0,NYN,480000.0
lafrobo01,2013.0,SEA,
lagarju01,2013.0,NYN,
lairdbr01,2013.0,HOU,
lairdge01,2013.0,ATL,1500000.0
lakeju01,2013.0,CHN,
lallibl01,2013.0,MIL,
lamboan01,2013.0,PIT,
langery01,2013.0,TOR,
langwma01,2013.0,CLE,
langwma01,2013.0,ARI,
lannajo01,2013.0,PHI,2500000.0
larocad01,2013.0,WAS,10000000.0
larocan01,2013.0,TOR,
latosma01,2013.0,CIN,4250000.0
lavarry01,2013.0,BOS,
lawribr01,2013.0,TOR,500000.0
layneto01,2013.0,SDN,491300.0
leagubr01,2013.0,LAN,5500000.0
leakemi01,2013.0,CIN,3060000.0
leblawa01,2013.0,HOU,
leblawa01,2013.0,MIA,491500.0
lecursa01,2013.0,CIN,510000.0
leech01,2013.0,CLE,
leecl02,2013.0,PHI,25000000.0
leesmch01,2013.0,CHA,
lemahdj01,2013.0,COL,
leonsa01,2013.0,WAS,
lerouch01,2013.0,PIT,502000.0
lerudst01,2013.0,PHI,
lestejo01,2013.0,BOS,11625000.0
liddial01,2013.0,SEA,
lillibr01,2013.0,NYA,
lillibr01,2013.0,CHN,
lillyte01,2013.0,LAN,13166667.0
limch01,2013.0,CHN,
linceti01,2013.0,SFN,22250000.0
lincobr01,2013.0,TOR,
lindad01,2013.0,TOR,5150000.0
lindbjo01,2013.0,TEX,500100.0
lindsma01,2013.0,CHA,2300000.0
liriafr01,2013.0,PIT,1000000.0
lobatjo01,2013.0,TBA,
loch02,2013.0,HOU,
lockeje01,2013.0,PIT,497500.0
loeka01,2013.0,SEA,1050000.0
loeka01,2013.0,ATL,
loeka01,2013.0,CHN,
loganbo02,2013.0,NYA,3150000.0
lohseky01,2013.0,MIL,10063922.0
lombast02,2013.0,WAS,501250.0
loneyja01,2013.0,TBA,2000000.0
longoev01,2013.0,TBA,2500018.0
lopezja02,2013.0,SFN,4250000.0
lopezwi01,2013.0,COL,1762500.0
loughda01,2013.0,KCA,
loupaa01,2013.0,TOR,494200.0
lowede01,2013.0,TEX,
lowema01,2013.0,LAA,
lowrije01,2013.0,OAK,2400000.0
lucased01,2013.0,MIA,
lucrojo01,2013.0,MIL,850000.0
ludwiry01,2013.0,CIN,2000000.0
luekejo01,2013.0,TBA,
luetglu01,2013.0,SEA,495500.0
lutzdo01,2013.0,CIN,
lutzza01,2013.0,NYN,490040.0
lylesjo01,2013.0,HOU,
lynnla01,2013.0,SLN,513000.0
lyonbr01,2013.0,NYN,750000.0
lyonsty01,2013.0,SLN,
machama01,2013.0,BAL,495000.0
machije01,2013.0,SFN,490500.0
magilma01,2013.0,LAN,
maholpa01,2013.0,ATL,6500000.0
mahonjo01,2013.0,MIA,490000.0
mainejo01,2013.0,MIA,
maldoma01,2013.0,MIL,494000.0
manesse01,2013.0,SLN,
manshje01,2013.0,COL,
marcush01,2013.0,NYN,4000000.0
marisja01,2013.0,MIA,
markani01,2013.0,BAL,15350000.0
marmoca01,2013.0,CHN,10133333.0
marmoca01,2013.0,LAN,
maronni01,2013.0,LAA,
marquja01,2013.0,SDN,3000000.0
marrech01,2013.0,WAS,
marshbr01,2013.0,NYA,
marshse01,2013.0,CIN,4625000.0
marsolo01,2013.0,CLE,1000000.0
marteal01,2013.0,ARI,
martest01,2013.0,PIT,500000.0
martevi01,2013.0,SLN,
martica04,2013.0,SLN,
marticr01,2013.0,ATL,749750.0
martida02,2013.0,HOU,
martiet01,2013.0,PHI,
martife02,2013.0,HOU,493000.0
martijd02,2013.0,HOU,
martijo07,2013.0,CLE,
martile01,2013.0,TEX,3250000.0
martimi02,2013.0,PHI,
martiru01,2013.0,PIT,7500000.0
martish01,2013.0,MIN,
martivi01,2013.0,DET,13000000.0
masteju01,2013.0,CLE,5687500.0
mastrda01,2013.0,MIN,500000.0
mathije01,2013.0,MIA,1500000.0
matsuda01,2013.0,NYN,
matthry01,2013.0,WAS,504500.0
matusbr01,2013.0,BAL,1600000.0
mauerjo01,2013.0,MIN,23000000.0
maurebr01,2013.0,SEA,490000.0
maxweju01,2013.0,HOU,492500.0
maxweju01,2013.0,KCA,
mayayu01,2013.0,WAS,
maybejo02,2013.0,PHI,517000.0
maybica01,2013.0,SDN,3100000.0
mazzavi01,2013.0,PIT,
mcallza01,2013.0,CLE,496400.0
mccanbr01,2013.0,ATL,12000000.0
mccarbr01,2013.0,ARI,5250000.0
mccleky01,2013.0,TEX,
mccutan01,2013.0,PIT,4708333.0
mcdonda02,2013.0,CHN,
mcdonja03,2013.0,PIT,3025000.0
mcdonjo03,2013.0,BOS,
mcdonjo03,2013.0,CLE,
mcdonjo03,2013.0,PHI,
mcdonjo03,2013.0,PIT,1500000.0
mcfartj01,2013.0,BAL,490000.0
mcgeeja01,2013.0,TBA,506200.0
mcgowdu01,2013.0,TOR,1500000.0
mcguich01,2013.0,TEX,
mchugco01,2013.0,COL,
mchugco01,2013.0,NYN,
mckenmi01,2013.0,PIT,505000.0
mclouna01,2013.0,BAL,2000000.0
medicto01,2013.0,SDN,
medinyo01,2013.0,SEA,
medlekr01,2013.0,ATL,2600000.0
mejiaje01,2013.0,NYN,494925.0
melanma01,2013.0,PIT,521000.0
mendolu01,2013.0,KCA,532000.0
mercejo03,2013.0,PIT,
mesame01,2013.0,NYA,490200.0
mesorde01,2013.0,CIN,480000.0
middlwi01,2013.0,BOS,498000.0
mijarjo01,2013.0,SFN,1800000.0
mikolmi01,2013.0,SDN,
mileywa01,2013.0,ARI,500500.0
millean01,2013.0,BOS,1475000.0
millebr02,2013.0,SEA,
milleco01,2013.0,CIN,
milleji02,2013.0,NYA,
millesh01,2013.0,SLN,490000.0
milonto01,2013.0,OAK,495000.0
minerza01,2013.0,PHI,
minormi01,2013.0,ATL,505000.0
molinjo01,2013.0,TBA,1500000.0
molinya01,2013.0,SLN,14200000.0
moneljo01,2013.0,SFN,
monteje01,2013.0,SEA,503300.0
montemi01,2013.0,ARI,10000000.0
montzlu01,2013.0,OAK,
mooread01,2013.0,KCA,
moorema02,2013.0,TBA,1100000.0
moorety01,2013.0,WAS,493000.0
moralfr01,2013.0,BOS,1487500.0
moralke01,2013.0,SEA,5250000.0
morelbr01,2013.0,CHA,
morelmi01,2013.0,TEX,502700.0
morneju01,2013.0,MIN,15000000.0
morneju01,2013.0,PIT,
morribr01,2013.0,PIT,
morrilo01,2013.0,MIA,491500.0
morrobr01,2013.0,TOR,8000000.0
morsemi01,2013.0,BAL,
morsemi01,2013.0,SEA,7000000.0
mortecl01,2013.0,BOS,504500.0
mortoch02,2013.0,PIT,2000000.0
moscogu01,2013.0,SFN,
mossbr01,2013.0,OAK,1600000.0
moustmi01,2013.0,KCA,524500.0
moylape01,2013.0,LAN,
mujiced01,2013.0,SLN,3200000.0
murphda07,2013.0,TEX,5775000.0
murphda08,2013.0,NYN,2925000.0
murphdo01,2013.0,CHN,
murphjr01,2013.0,NYA,
myersbr01,2013.0,CLE,7000000.0
myerswi01,2013.0,TBA,
napolmi01,2013.0,BOS,5000000.0
narvech01,2013.0,MIL,840000.0
nathajo01,2013.0,TEX,8000000.0
navada01,2013.0,BOS,505500.0
navardi01,2013.0,CHN,1750000.0
navaref01,2013.0,LAA,
navarya01,2013.0,BAL,
nealth01,2013.0,NYA,
nealth01,2013.0,CHN,
nelsoch01,2013.0,LAA,
nelsoch01,2013.0,NYA,
nelsoch01,2013.0,COL,491000.0
nelsoji02,2013.0,MIL,
neshepa01,2013.0,OAK,975000.0
nicasju01,2013.0,COL,491000.0
nickemi01,2013.0,TOR,
niesejo01,2013.0,NYN,3050000.0
nieuwki01,2013.0,NYN,498124.0
nievewi01,2013.0,ARI,800000.0
nixja01,2013.0,NYA,900000.0
nixla01,2013.0,PHI,1350000.0
noesihe01,2013.0,SEA,
nolasri01,2013.0,LAN,
nolasri01,2013.0,MIA,11500000.0
nolinse01,2013.0,TOR,
noonani01,2013.0,SFN,
norribu01,2013.0,BAL,
norribu01,2013.0,HOU,3000000.0
norride01,2013.0,OAK,492500.0
novaiv01,2013.0,NYA,575600.0
nunezed02,2013.0,NYA,533300.0
nunovi01,2013.0,NYA,
oberhbr01,2013.0,HOU,
odayda01,2013.0,BAL,2200000.0
odorija01,2013.0,TBA,
oflaher01,2013.0,ATL,4320000.0
ogandal01,2013.0,TEX,506000.0
ohlenro01,2013.0,WAS,
okajihi01,2013.0,OAK,
oliveda02,2013.0,TOR,3000000.0
olivomi01,2013.0,MIA,800000.0
olmosed01,2013.0,MIA,
omogrbr01,2013.0,CHA,492000.0
ondrulo01,2013.0,CIN,950000.0
orrpe01,2013.0,PHI,
ortegjo01,2013.0,DET,
ortizda01,2013.0,BOS,14500000.0
ortizjo05,2013.0,TEX,490000.0
ortizra01,2013.0,TOR,
osullse01,2013.0,SDN,
oswalro01,2013.0,COL,
oteroda01,2013.0,OAK,
ottavad01,2013.0,COL,491000.0
outmajo01,2013.0,COL,
overbly01,2013.0,NYA,
owingch01,2013.0,ARI,
ozunama01,2013.0,MIA,
pachejo01,2013.0,COL,491000.0
paganan01,2013.0,SFN,8250000.0
pagnoma01,2013.0,HOU,
papeljo01,2013.0,PHI,13000000.0
paredji01,2013.0,HOU,
parkebl01,2013.0,CHN,
parkeja02,2013.0,OAK,495000.0
parmech01,2013.0,MIN,497500.0
parnebo01,2013.0,NYN,1700000.0
parrage01,2013.0,ARI,2350000.0
parrama01,2013.0,CIN,1000000.0
parrian01,2013.0,OAK,492500.0
partccu01,2013.0,CIN,
pastoty01,2013.0,ATL,
paterjo01,2013.0,ARI,497500.0
pattotr01,2013.0,BAL,815000.0
paulxa01,2013.0,CIN,505000.0
paxtoja01,2013.0,SEA,
peacobr01,2013.0,HOU,490000.0
pearcst01,2013.0,BAL,
peavyja01,2013.0,BOS,
peavyja01,2013.0,CHA,16157271.0
pedrodu01,2013.0,BOS,10250000.0
pegueca01,2013.0,SEA,
peguefr01,2013.0,SFN,490500.0
pelfrmi01,2013.0,MIN,4000000.0
penabr01,2013.0,DET,875000.0
penaca01,2013.0,HOU,2900000.0
penaca01,2013.0,KCA,
penara02,2013.0,ATL,550000.0
pencehu01,2013.0,SFN,13800000.0
pennicl01,2013.0,ARI,1750000.0
peraljh01,2013.0,DET,6000000.0
peraljo01,2013.0,TBA,3000000.0
peralwi01,2013.0,MIL,490000.0
perezau01,2013.0,SLN,
perezch01,2013.0,CLE,7300000.0
perezeu01,2013.0,WAS,
perezhe01,2013.0,DET,
perezju01,2013.0,TOR,
perezju02,2013.0,SFN,
perezlu01,2013.0,TOR,500000.0
perezma02,2013.0,TEX,492000.0
perezol01,2013.0,SEA,1500000.0
perezsa02,2013.0,KCA,1000000.0
perkigl01,2013.0,MIN,2500000.0
pestavi01,2013.0,CLE,501900.0
peterbr02,2013.0,SLN,
petersh01,2013.0,OAK,
petityu01,2013.0,SFN,
petrija01,2013.0,CHA,
pettian01,2013.0,NYA,12000000.0
pettijo02,2013.0,PHI,
phegljo01,2013.0,CHA,
phelpco01,2013.0,CLE,
phelpda01,2013.0,NYA,512425.0
phillbr01,2013.0,CIN,10083333.0
phillza01,2013.0,MIA,
piefe01,2013.0,PIT,
pierrju01,2013.0,MIA,1600000.0
pierzaj01,2013.0,TEX,7500000.0
pillake01,2013.0,TOR,
pillbr01,2013.0,SFN,494000.0
pimenst01,2013.0,PIT,
pintojo01,2013.0,MIN,
plouftr01,2013.0,MIN,520000.0
polanpl01,2013.0,MIA,2750000.0
polloaj01,2013.0,ARI,491000.0
pomerdr01,2013.0,COL,
porceri01,2013.0,DET,5100000.0
poseybu01,2013.0,SFN,8000000.0
pradoma01,2013.0,ARI,7000000.0
preslal01,2013.0,MIN,
preslal01,2013.0,PIT,
pressry01,2013.0,MIN,490000.0
priceda01,2013.0,TBA,9831954.0
pridija01,2013.0,BAL,
princjo01,2013.0,MIL,
profaju01,2013.0,TEX,491000.0
pryorst01,2013.0,SEA,492200.0
puigya01,2013.0,LAN,2000000.0
pujolal01,2013.0,LAA,16000000.0
puntoni01,2013.0,LAN,1500000.0
purceda01,2013.0,CHA,
putkolu01,2013.0,DET,
putnaza01,2013.0,CHN,
putzjj01,2013.0,ARI,6500000.0
quallch01,2013.0,MIA,
quentca01,2013.0,SDN,9500000.0
quinthu01,2013.0,SEA,
quinthu01,2013.0,PHI,
quintjo01,2013.0,CHA,500000.0
quintom01,2013.0,NYN,
quirogu01,2013.0,SFN,
raburry01,2013.0,CLE,
raleybr01,2013.0,CHN,
ramiral03,2013.0,CHA,7000000.0
ramirar01,2013.0,MIL,10000000.0
ramirer02,2013.0,SEA,
ramirha01,2013.0,LAN,15500000.0
ramirjc01,2013.0,PHI,
ramirjo01,2013.0,CLE,
ramirra02,2013.0,SFN,
ramirwi01,2013.0,MIN,
ramosaj01,2013.0,MIA,490000.0
ramosce01,2013.0,TBA,501300.0
ramoswi01,2013.0,WAS,501250.0
ransoco01,2013.0,CHN,
ransoco01,2013.0,SDN,
rapadcl01,2013.0,CLE,
rasmuco01,2013.0,TOR,4675000.0
rasmuco02,2013.0,LAA,
rasmuco02,2013.0,ATL,
rauchjo01,2013.0,MIA,1000000.0
reckean01,2013.0,NYN,490840.0
reddijo01,2013.0,OAK,510000.0
redmoto01,2013.0,TOR,
reedad01,2013.0,CHA,520000.0
reedev01,2013.0,DET,
reidry01,2013.0,PIT,
reimono01,2013.0,BAL,1000000.0
rendoan01,2013.0,WAS,
resopch01,2013.0,OAK,1350000.0
reverbe01,2013.0,PHI,515000.0
reyesjo01,2013.0,TOR,10000000.0
reynogr01,2013.0,CIN,
reynoma01,2013.0,CLE,6000000.0
reynoma01,2013.0,NYA,
reynoma01,2013.0,ARI,
reynoma02,2013.0,ARI,505500.0
ricesc01,2013.0,NYN,490000.0
richacl01,2013.0,SDN,5240000.0
richaga01,2013.0,LAA,495000.0
rienzan01,2013.0,CHA,
riosal01,2013.0,CHA,13000000.0
riosal01,2013.0,TEX,
riverma01,2013.0,NYA,10000000.0
riverre01,2013.0,SDN,
rizzoan01,2013.0,CHN,498000.0
roarkta01,2013.0,WAS,
roberbr01,2013.0,BAL,10000000.0
roberda08,2013.0,NYA,3100000.0
roberry01,2013.0,TBA,2950000.0
roberty01,2013.0,MIN,495000.0
robinch02,2013.0,SDN,
robinde02,2013.0,CIN,
robinsh01,2013.0,SLN,498000.0
roblema01,2013.0,PHI,
rodnefe01,2013.0,TBA,2500000.0
rodrial01,2013.0,NYA,29000000.0
rodrifr03,2013.0,BAL,
rodrifr03,2013.0,MIL,
rodrihe03,2013.0,WAS,501000.0
rodrihe04,2013.0,CIN,
rodrise01,2013.0,TBA,1000000.0
rodrist02,2013.0,LAN,491500.0
rodriwa01,2013.0,PIT,13500000.0
roech01,2013.0,ARI,
roenijo01,2013.0,MIN,505000.0
rogeres01,2013.0,TOR,509000.0
rolliji01,2013.0,PHI,11000000.0
romeren01,2013.0,TBA,
romerri01,2013.0,TOR,7500000.0
rominan01,2013.0,LAA,492000.0
rominau01,2013.0,NYA,
romose01,2013.0,SFN,3500000.0
rondobr01,2013.0,DET,
rondohe01,2013.0,CHN,490000.0
rosalad01,2013.0,OAK,700000.0
rosalad01,2013.0,TEX,
rosarsa02,2013.0,SFN,
rosarwi01,2013.0,COL,491000.0
rosenbj01,2013.0,PHI,
rosentr01,2013.0,SLN,490000.0
rossco01,2013.0,ARI,6000000.0
rosscza01,2013.0,CHN,
rossda01,2013.0,BOS,3100000.0
rossro01,2013.0,TEX,497400.0
rossty01,2013.0,SDN,500500.0
rothmi01,2013.0,LAA,
rufda01,2013.0,PHI,
ruffich01,2013.0,SEA,
ruggiju01,2013.0,MIA,494500.0
ruizca01,2013.0,PHI,5000000.0
ruppca01,2013.0,PHI,
rusinch01,2013.0,CHN,
russeja02,2013.0,CHN,1075000.0
rutlejo01,2013.0,COL,490000.0
ryanbr01,2013.0,NYA,
ryanbr01,2013.0,SEA,3250000.0
ryuhy01,2013.0,LAN,3333333.0
rzepcma01,2013.0,CLE,
rzepcma01,2013.0,SLN,1100000.0
sabatcc01,2013.0,NYA,24285714.0
salasfe01,2013.0,SLN,512000.0
salazda01,2013.0,CLE,
salech01,2013.0,CHA,850000.0
saltaja01,2013.0,BOS,4500000.0
samarje01,2013.0,CHN,2640000.0
sanabal01,2013.0,MIA,
sanchan01,2013.0,DET,8800000.0
sanchan02,2013.0,CHA,505000.0
sanched01,2013.0,CHN,
sanchga01,2013.0,PIT,1750000.0
sanchhe01,2013.0,SFN,502500.0
sanchjo01,2013.0,PIT,1375000.0
sanchto01,2013.0,PIT,
sandopa01,2013.0,SFN,5700000.0
santaca01,2013.0,CLE,750000.0
santaer01,2013.0,KCA,13000000.0
santihe01,2013.0,CHA,505000.0
santira01,2013.0,DET,2100000.0
santoom01,2013.0,CLE,
santose01,2013.0,TOR,2750000.0
sappeda01,2013.0,CHN,492000.0
satinjo01,2013.0,NYN,
saundjo01,2013.0,SEA,6000000.0
saundmi01,2013.0,SEA,512600.0
saverjo01,2013.0,PHI,
scahiro01,2013.0,COL,
schafjo02,2013.0,ATL,512500.0
schaflo01,2013.0,MIL,490000.0
schepta01,2013.0,TEX,493600.0
scherma01,2013.0,DET,6725000.0
schiena01,2013.0,CHN,2250000.0
schoojo01,2013.0,BAL,
schumsk01,2013.0,LAN,1500000.0
scottlu01,2013.0,TBA,2750000.0
scribev01,2013.0,OAK,495000.0
scutama01,2013.0,SFN,6666667.0
seageky01,2013.0,SEA,510400.0
segurje01,2013.0,MIL,492000.0
selleju01,2013.0,LAN,
semiema01,2013.0,CHA,493000.0
shawbr01,2013.0,CLE,501700.0
shielja02,2013.0,KCA,11000000.0
shoemma01,2013.0,LAA,
shoppke01,2013.0,CLE,
shoppke01,2013.0,SEA,1500000.0
shuckja01,2013.0,LAA,
siegrke01,2013.0,SLN,
sierrmo01,2013.0,TOR,
simmoan01,2013.0,ATL,491250.0
simonal01,2013.0,CIN,890000.0
sippto01,2013.0,ARI,1275000.0
sizemsc01,2013.0,OAK,500000.0
skaggty01,2013.0,ARI,
skipwky01,2013.0,MIA,490000.0
sloweke01,2013.0,MIA,
smithbu03,2013.0,SDN,
smithjo05,2013.0,CLE,3150000.0
smithse01,2013.0,OAK,3675000.0
smithwi04,2013.0,KCA,
smoakju01,2013.0,SEA,514000.0
smylydr01,2013.0,DET,498000.0
snidetr01,2013.0,PIT,505000.0
snydebr03,2013.0,BOS,
snydech02,2013.0,BAL,
sogarer01,2013.0,OAK,495000.0
solando01,2013.0,MIA,491500.0
solanjh01,2013.0,WAS,
soriaal01,2013.0,NYA,
soriaal01,2013.0,CHN,19000000.0
soriajo01,2013.0,TEX,2000000.0
soriara01,2013.0,WAS,11742091.0
sotoge01,2013.0,TEX,2750000.0
sotone01,2013.0,CIN,
spande01,2013.0,WAS,4750000.0
spruize01,2013.0,ARI,
stammcr01,2013.0,WAS,875000.0
stangda01,2013.0,LAA,
stantmi03,2013.0,MIA,537000.0
stassma01,2013.0,HOU,
staufti01,2013.0,SDN,
stewach01,2013.0,NYA,515100.0
stinsjo01,2013.0,BAL,
storedr01,2013.0,WAS,2500000.0
storemi01,2013.0,TOR,
straida01,2013.0,OAK,492500.0
strasst01,2013.0,WAS,3900000.0
streehu01,2013.0,SDN,7000000.0
stroppe01,2013.0,BAL,502500.0
stroppe01,2013.0,CHN,
stubbdr01,2013.0,CLE,2825000.0
stulter01,2013.0,SDN,507600.0
stutemi01,2013.0,PHI,492500.0
sucreje01,2013.0,SEA,
surkaer01,2013.0,SFN,490500.0
susdost01,2013.0,PHI,
suzukic01,2013.0,NYA,6500000.0
suzukku01,2013.0,OAK,
suzukku01,2013.0,WAS,6487500.0
swarzan01,2013.0,MIN,502500.0
sweenry01,2013.0,CHN,
swishni01,2013.0,CLE,11000000.0
tabatjo01,2013.0,PIT,916667.0
takahhi01,2013.0,CHN,
tanakke01,2013.0,SFN,
taylomi01,2013.0,OAK,
tazawju01,2013.0,BOS,815000.0
teafoev01,2013.0,KCA,
teagata01,2013.0,BAL,650000.0
teherju01,2013.0,ATL,490000.0
teixema01,2013.0,NYA,23125000.0
tejadmi01,2013.0,KCA,1100000.0
tejadru01,2013.0,NYN,514701.0
tekotbl01,2013.0,CHA,
tepesni01,2013.0,TEX,
terdojo01,2013.0,ATL,
thatcjo01,2013.0,ARI,
thatcjo01,2013.0,SDN,1350000.0
thayeda01,2013.0,SDN,498900.0
thielca01,2013.0,MIN,
tholejo01,2013.0,TOR,1250000.0
thomacl02,2013.0,MIN,
thornma01,2013.0,BOS,
thornma01,2013.0,CHA,5500000.0
thornty01,2013.0,MIL,
tillmch01,2013.0,BAL,508500.0
tollesh01,2013.0,LAN,
tomlijo01,2013.0,CLE,501800.0
tonkimi01,2013.0,MIN,
torreal01,2013.0,TBA,496500.0
torrean02,2013.0,SFN,1500000.0
torreca01,2013.0,NYN,
torreyo01,2013.0,COL,
tovarwi01,2013.0,NYN,
tracych01,2013.0,WAS,1000000.0
triunca01,2013.0,SEA,
troncra01,2013.0,CHA,
troutmi01,2013.0,LAA,510000.0
trumbma01,2013.0,LAA,540000.0
tuiasma01,2013.0,DET,
tulowtr01,2013.0,COL,10000000.0
turneja01,2013.0,MIA,2150000.0
turneju01,2013.0,NYN,504547.0
ueharko01,2013.0,BOS,4250000.0
ugglada01,2013.0,ATL,13146942.0
uptonbj01,2013.0,ATL,13050000.0
uptonju01,2013.0,ATL,9958333.0
uribeju01,2013.0,LAN,7295911.0
urruthe01,2013.0,BAL,
utleych01,2013.0,PHI,15285714.0
valaich01,2013.0,MIA,
valbulu01,2013.0,CHN,930000.0
valdejo02,2013.0,NYN,496645.0
valdelu01,2013.0,BAL,
valdera02,2013.0,PHI,505000.0
valenda01,2013.0,BAL,
valvejo01,2013.0,DET,
vanslsc01,2013.0,LAN,
vargaja01,2013.0,LAA,8500000.0
varvaan01,2013.0,ATL,490000.0
vealdo01,2013.0,CHA,497500.0
velazgi01,2013.0,MIA,
venabwi01,2013.0,SDN,2675000.0
ventuyo01,2013.0,KCA,
verasjo01,2013.0,DET,
verasjo01,2013.0,HOU,1850000.0
verlaju01,2013.0,DET,20100000.0
vicieda01,2013.0,CHA,2800000.0
victosh01,2013.0,BOS,13000000.0
villabr02,2013.0,BOS,
villabr02,2013.0,DET,502500.0
villaca01,2013.0,CHN,5000000.0
villajo01,2013.0,HOU,
villape01,2013.0,CIN,
vinceni01,2013.0,SDN,
vogelry01,2013.0,SFN,5000000.0
vogtst01,2013.0,OAK,
volqued01,2013.0,LAN,
volqued01,2013.0,SDN,5725000.0
volstch01,2013.0,COL,
vottojo01,2013.0,CIN,18910655.0
wachami01,2013.0,SLN,
wagnene01,2013.0,TOR,
wainwad01,2013.0,SLN,12000000.0
waldejo01,2013.0,ATL,541500.0
walkene01,2013.0,PIT,3300000.0
walketa01,2013.0,SEA,
wallabr01,2013.0,HOU,495000.0
walljo02,2013.0,LAN,490500.0
waltepj01,2013.0,MIN,
walteza01,2013.0,WAS,
wangch01,2013.0,TOR,
warread01,2013.0,NYA,
watkilo01,2013.0,CHN,
watsoto01,2013.0,PIT,505500.0
weaveje02,2013.0,LAA,16200000.0
webbda01,2013.0,CHA,
webbry01,2013.0,MIA,975000.0
weberth01,2013.0,TOR,
weberth01,2013.0,SDN,
webstal01,2013.0,BOS,
weeksje01,2013.0,OAK,
weeksri01,2013.0,MIL,11000000.0
welkedu01,2013.0,PIT,
wellsca01,2013.0,CHA,
wellsca01,2013.0,OAK,
wellsca01,2013.0,PHI,
wellsve01,2013.0,NYA,24642857.0
werthja01,2013.0,WAS,16571429.0
westbja01,2013.0,SLN,8750000.0
wheelry01,2013.0,COL,
wheelza01,2013.0,NYN,
wietema01,2013.0,BAL,5500000.0
wiggity01,2013.0,SLN,2500000.0
wilheto01,2013.0,SEA,509100.0
willije01,2013.0,LAA,2000000.0
willijo03,2013.0,MIN,7000000.0
wilsoal01,2013.0,BOS,
wilsobr01,2013.0,LAN,
wilsocj01,2013.0,LAA,11500000.0
wilsojo03,2013.0,ARI,
wilsoju10,2013.0,PIT,493500.0
wisede01,2013.0,CHA,700000.0
withrch01,2013.0,LAN,
wolfro01,2013.0,TEX,
wongko01,2013.0,SLN,
woodal02,2013.0,ATL,
woodbl01,2013.0,CLE,560000.0
woodtr01,2013.0,CHN,527500.0
wootero01,2013.0,MIL,
workmbr01,2013.0,BOS,
worleva01,2013.0,MIN,525000.0
worthda01,2013.0,DET,
wrighda03,2013.0,NYN,10192071.0
wrighja01,2013.0,TBA,
wrighst01,2013.0,BOS,
wrighwe01,2013.0,HOU,1025000.0
wrighwe01,2013.0,TBA,
yelicch01,2013.0,MIA,
youklke01,2013.0,NYA,12000000.0
youngch04,2013.0,OAK,8700000.0
youngde03,2013.0,TBA,
youngde03,2013.0,PHI,750000.0
younger03,2013.0,COL,492000.0
younger03,2013.0,NYN,
youngmi02,2013.0,LAN,
youngmi02,2013.0,PHI,18374975.0
zagurmi01,2013.0,NYA,
zagurmi01,2013.0,PIT,
zeidjo01,2013.0,HOU,
zieglbr01,2013.0,ARI,3150000.0
zimmejo02,2013.0,WAS,5350000.0
zimmery01,2013.0,WAS,14100000.0
zitoba01,2013.0,SFN,20000000.0
zobribe01,2013.0,TBA,5687300.0
zuninmi01,2013.0,SEA,
